{"cameraMode":{"drawMode":0,"name":"Shaded","section":"Shading Mode"},"sceneLighting":true,"audioPlay":false,"sceneViewState":{"showFog":true,"showMaterialUpdate":false,"showSkybox":true,"showFlares":true,"showImageEffects":true,"showParticleSystems":true},"in2DMode":false,"pivot":{"x":-6.281037330627441,"y":25.039928436279298,"z":1.8515243530273438},"rotation":{"x":-0.4147069454193115,"y":0.026473434641957284,"z":-0.012070748955011368,"w":-0.9094897508621216},"size":53.88050079345703,"orthographic":false}