{"cameraMode":{"drawMode":0,"name":"Shaded","section":"Shading Mode"},"sceneLighting":true,"audioPlay":false,"sceneViewState":{"showFog":true,"showMaterialUpdate":false,"showSkybox":false,"showFlares":true,"showImageEffects":true,"showParticleSystems":true},"in2DMode":false,"pivot":{"x":-1.714876651763916,"y":2.541639804840088,"z":-0.8226385116577148},"rotation":{"x":-0.04336613416671753,"y":0.8948389291763306,"z":-0.0891595408320427,"w":-0.43523940443992617},"size":11.646952629089356,"orthographic":false}